id,username,created_at
1,Kenton_Kirlin,2017-02-16T16:22:11.000Z
2,Andre_Purdy85,2017-04-02T14:11:21.000Z
3,Harley_Lind18,2017-02-21T09:12:33.000Z
4,Arely_Bogan63,2016-08-12T22:28:43.000Z
5,Aniya_Hackett,2016-12-06T23:04:39.000Z
6,Travon.Waters,2017-04-30T10:26:14.000Z
7,Kasandra_Homenick,2016-12-12T04:50:08.000Z
8,Tabitha_Schamberger11,2016-08-19T23:19:46.000Z
9,Gus93,2016-06-24T16:36:31.000Z
10,Presley_McClure,2016-08-07T13:25:49.000Z
11,Justina.Gaylord27,2017-05-04T13:32:16.000Z
12,Dereck65,2017-01-18T23:34:14.000Z
13,Alexandro35,2017-03-29T15:09:02.000Z
14,Jaclyn81,2017-02-06T21:29:16.000Z
15,Billy52,2016-10-05T11:10:20.000Z
16,Annalise.McKenzie16,2016-08-02T18:32:46.000Z
17,Norbert_Carroll35,2017-02-06T20:05:43.000Z
18,Odessa2,2016-10-21T15:16:56.000Z
19,Hailee26,2017-04-29T15:53:40.000Z
20,Delpha.Kihn,2016-08-30T23:42:30.000Z
21,Rocio33,2017-01-23T09:51:15.000Z
22,Kenneth64,2016-12-27T07:48:17.000Z
23,Eveline95,2017-01-23T21:14:19.000Z
24,Maxwell.Halvorson,2017-04-17T23:32:44.000Z
25,Tierra.Trantow,2016-10-03T09:49:21.000Z
26,Josianne.Friesen,2016-06-07T09:47:01.000Z
27,Darwin29,2017-03-18T01:10:07.000Z
28,Dario77,2016-08-18T04:15:03.000Z
29,Jaime53,2016-09-11T15:51:57.000Z
30,Kaley9,2016-09-23T18:24:20.000Z
31,Aiyana_Hoeger,2016-09-29T17:28:12.000Z
32,Irwin.Larson,2016-08-26T16:36:22.000Z
33,Yvette.Gottlieb91,2016-11-14T10:32:01.000Z
34,Pearl7,2016-07-08T18:42:01.000Z
35,Lennie_Hartmann40,2017-03-30T01:25:22.000Z
36,Ollie_Ledner37,2016-08-04T12:42:20.000Z
37,Yazmin_Mills95,2016-07-26T21:56:44.000Z
38,Jordyn.Jacobson2,2016-05-14T04:56:26.000Z
39,Kelsi26,2016-06-08T14:48:08.000Z
40,Rafael.Hickle2,2016-05-19T06:51:26.000Z
41,Mckenna17,2016-07-17T14:25:45.000Z
42,Maya.Farrell,2016-12-11T16:04:45.000Z
43,Janet.Armstrong,2016-10-06T04:57:44.000Z
44,Seth46,2016-07-07T08:40:27.000Z
45,David.Osinski47,2017-02-05T19:23:37.000Z
46,Malinda_Streich,2016-07-09T18:37:08.000Z
47,Harrison.Beatty50,2016-09-02T00:48:38.000Z
48,Granville_Kutch,2016-06-26T00:10:22.000Z
49,Morgan.Kassulke,2016-10-30T10:42:31.000Z
50,Gerard79,2016-08-23T16:47:44.000Z
51,Mariano_Koch3,2017-04-17T11:14:46.000Z
52,Zack_Kemmer93,2017-01-01T03:58:22.000Z
53,Linnea59,2017-02-07T05:49:34.000Z
54,Duane60,2016-12-21T02:43:38.000Z
55,Meggie_Doyle,2017-04-04T09:17:34.000Z
56,Peter.Stehr0,2016-08-22T15:05:42.000Z
57,Julien_Schmidt,2017-02-02T21:12:48.000Z
58,Aurelie71,2016-05-31T03:20:57.000Z
59,Cesar93,2016-10-18T13:42:43.000Z
60,Sam52,2017-03-30T20:03:45.000Z
61,Jayson65,2016-10-14T16:10:53.000Z
62,Ressie_Stanton46,2016-12-20T13:09:09.000Z
63,Elenor88,2016-05-07T22:30:41.000Z
64,Florence99,2016-10-06T20:08:31.000Z
65,Adelle96,2016-09-30T21:37:57.000Z
66,Mike.Auer39,2016-07-01T14:36:15.000Z
67,Emilio_Bernier52,2016-05-06T10:04:30.000Z
68,Franco_Keebler64,2016-11-13T18:09:27.000Z
69,Karley_Bosco,2016-06-24T20:38:52.000Z
70,Erick5,2017-04-05T20:44:47.000Z
71,Nia_Haag,2016-05-14T12:38:50.000Z
72,Kathryn80,2016-10-11T06:01:57.000Z
73,Jaylan.Lakin,2016-06-10T20:58:52.000Z
74,Hulda.Macejkovic,2017-01-25T15:17:28.000Z
75,Leslie67,2016-09-21T02:14:01.000Z
76,Janelle.Nikolaus81,2016-07-21T06:26:09.000Z
77,Donald.Fritsch,2017-01-07T08:05:41.000Z
78,Colten.Harris76,2016-10-09T23:38:53.000Z
79,Katarina.Dibbert,2016-11-03T11:14:11.000Z
80,Darby_Herzog,2016-05-05T21:14:21.000Z
81,Esther.Zulauf61,2017-01-14T15:02:34.000Z
82,Aracely.Johnston98,2016-07-25T15:49:10.000Z
83,Bartholome.Bernhard,2016-11-06T00:31:23.000Z
84,Alysa22,2017-01-01T15:44:43.000Z
85,Milford_Gleichner42,2017-04-30T04:50:51.000Z
86,Delfina_VonRueden68,2017-03-21T10:02:14.000Z
87,Rick29,2017-02-24T09:25:08.000Z
88,Clint27,2016-06-02T18:40:10.000Z
89,Jessyca_West,2016-09-14T20:47:05.000Z
90,Esmeralda.Mraz57,2017-03-03T09:52:27.000Z
91,Bethany20,2016-06-03T20:31:53.000Z
92,Frederik_Rice,2016-07-06T18:56:29.000Z
93,Willie_Leuschke,2017-02-14T23:40:53.000Z
94,Damon35,2016-10-31T12:44:27.000Z
95,Nicole71,2016-05-09T14:30:22.000Z
96,Keenan.Schamberger60,2016-08-28T11:57:28.000Z
97,Tomas.Beatty93,2017-02-11T09:38:55.000Z
98,Imani_Nicolas17,2017-01-31T20:59:34.000Z
99,Alek_Watsica,2016-12-10T05:43:58.000Z
100,Javonte83,2017-03-27T20:06:37.000Z